{"theta": [-1106.0195735067193, 6331.83157301278], "mean_x": 101066.25, "std_x": 51565.1899106445}